,Name,Purpose
0,Green-Black,Distributed zero-defect toolset for leverage rich action-items
1,"Bowman, Williams and Serrano",Profound disintermediate forecast for redefine user-centric info-mediaries
2,"Carr, Sparks and Richardson",Networked local projection for revolutionize one-to-one solutions
3,Mendoza and Sons,Centralized system-worthy application for redefine distributed action-items
4,Gutierrez Ltd,Networked systematic function for extend mission-critical solutions
5,"Hooper, Kline and Lambert",Advanced logistical forecast for benchmark interactive mindshare
6,Deleon-Payne,Fundamental optimal encoding for re-intermediate frictionless platforms
7,"Griffin, Barber and Martin",Fully-configurable uniform data-warehouse for synthesize web-enabled networks
8,Buckley-Norton,Profit-focused zero tolerance installation for incentivize open-source technologies
9,Dixon Ltd,Adaptive coherent orchestration for innovate B2B applications
10,"Pope, Heath and Williams",Pre-emptive eco-centric product for repurpose strategic supply-chains
11,Davis PLC,Reactive content-based model for re-contextualize efficient networks
12,Daniels and Sons,Persistent human-resource model for strategize enterprise content
13,Erickson-Anderson,Configurable logistical Graphical User Interface for streamline interactive technologies
14,"Gonzalez, Garner and Watson",Customizable needs-based database for exploit sticky solutions
15,"Perez, Cordova and Yates",Diverse demand-driven groupware for re-intermediate compelling web services
16,Rowe-Martin,Synergized directional solution for disintermediate transparent architectures
17,Olson LLC,Customer-focused tertiary framework for syndicate integrated experiences
18,Cunningham-Bailey,Organic fault-tolerant knowledge user for extend front-end convergence
19,"Montgomery, Ramirez and Romero",Synergistic incremental emulation for disintermediate out-of-the-box systems
20,Davis-Norman,Streamlined bandwidth-monitored orchestration for productize world-class users
21,Morgan-Ferguson,Organized contextually-based conglomeration for leverage cross-media deliverables
22,Humphrey-Collins,Quality-focused national Local Area Network for cultivate 24/7 functionalities
23,"Yates, Lynch and Ponce",Mandatory value-added challenge for drive clicks-and-mortar relationships
24,Knight-Lowe,Networked heuristic neural-net for matrix bricks-and-clicks info-mediaries
25,"Parker, Taylor and Johnson",Operative next generation service-desk for generate sticky architectures
26,Russell-Copeland,De-engineered exuding instruction set for evolve open-source synergies
27,Wilson LLC,Progressive web-enabled software for deploy cross-platform vortals
28,"Cook, Miller and Miles",Managed stable moratorium for streamline frictionless action-items
29,"Hammond, Duffy and Stone",Fully-configurable composite matrix for aggregate distributed infrastructures
30,"Lopez, Cabrera and Brown",Object-based analyzing model for incentivize 24/365 eyeballs
31,"Gonzales, Pittman and Griffin",Organic object-oriented firmware for iterate revolutionary action-items
32,Allen-Drake,Networked needs-based workforce for iterate innovative markets
33,"Calhoun, Cole and Garcia",Face-to-face client-server initiative for deliver dynamic portals
34,Johnson-Kramer,Customer-focused national time-frame for integrate real-time e-tailers
35,Haynes Group,Streamlined object-oriented Graphical User Interface for seize frictionless eyeballs
36,Padilla-Wagner,Self-enabling bifurcated portal for integrate sticky users
37,"Henry, Douglas and Gonzalez",Polarized discrete frame for aggregate innovative vortals
38,"Johnson, Jordan and Washington",Monitored exuding instruction set for transition impactful vortals
39,Davis-Fuentes,Devolved explicit neural-net for visualize strategic experiences
40,Harrell LLC,Polarized upward-trending process improvement for synergize user-centric infrastructures
41,Roberts-Farley,Customer-focused actuating frame for engineer enterprise paradigms
42,"Daugherty, Cook and Henderson",Team-oriented analyzing concept for grow robust web services
43,Joyce-Hammond,Reverse-engineered mission-critical Internet solution for syndicate one-to-one ROI
44,Sparks-Morgan,Synergistic local capability for re-contextualize open-source models
45,Morales Ltd,Upgradable directional structure for innovate user-centric vortals
46,Davies-Solis,Optimized multi-tasking policy for iterate end-to-end communities
47,Ruiz-Nguyen,Integrated contextually-based attitude for enable dot-com infrastructures
48,King LLC,Re-contextualized maximized alliance for integrate intuitive relationships
49,"Porter, Mercer and Ward",Decentralized exuding utilization for architect frictionless e-services
